URL,View Count
https://stackoverflow.com/questions/35159967,170023
https://stackoverflow.com/questions/22879669,142581
https://stackoverflow.com/questions/10604135,132406
https://stackoverflow.com/questions/44564887,128781
https://stackoverflow.com/questions/27060396,127008
https://stackoverflow.com/questions/12482637,120766
https://stackoverflow.com/questions/20673986,115720
https://stackoverflow.com/questions/39109818,108368
https://stackoverflow.com/questions/11057219,105175
https://stackoverflow.com/questions/43195143,10
